Type,Advice
positive,"Remember to prioritize self-care activities such as exercise, meditation, and spending time with loved ones."
positive,Practice gratitude daily and focus on the positive aspects of your life.
positive,"Set realistic goals for yourself and celebrate your achievements, no matter how small.Practice self-compassion and kindness daily. Treat yourself with the same love and understanding you offer to others. Surround yourself with supportive friends and family who uplift and encourage you. Engage in activities that bring you joy and fulfillment, whether it's pursuing a hobby, spending time in nature, or practicing mindfulness. Remember to celebrate your accomplishments, no matter how small, and acknowledge your progress along your journey of personal growth."
positive,"Create a daily routine that prioritizes self-care and well-being. Start your day with a moment of gratitude, reflecting on the blessings in your life and setting positive intentions for the day ahead. Incorporate activities that nourish your body, mind, and spirit, such as exercise, meditation, or journaling. Set realistic goals for yourself, and celebrate each step you take towards achieving them. Surround yourself with positivity by filling your environment with uplifting music, inspirational quotes, and reminders of your strengths and achievements."
positive,"Challenge negative thoughts and beliefs with positive affirmations and reframing techniques. Instead of dwelling on setbacks or perceived failures, focus on the lessons learned and the opportunities for growth they present. Cultivate resilience by viewing challenges as opportunities for personal development and learning. Remember that setbacks are temporary and do not define your worth or potential. Practice forgiveness, both towards yourself and others, letting go of resentment and embracing compassion and understanding."
positive,"Find joy in the simple pleasures of life, such as spending time with loved ones, enjoying a delicious meal, or watching a beautiful sunset. Allow yourself to fully experience these moments of happiness and gratitude, savoring each sensation and emotion. Cultivate a sense of wonder and curiosity about the world around you, seeking out new experiences and embracing the unknown. Stay open to the possibilities that each day brings, and approach life with a sense of optimism and hope."
positive,"Nurture your relationships by expressing appreciation and affection towards your loved ones. Take time to connect with others on a deeper level, sharing your thoughts, feelings, and experiences openly and honestly. Practice active listening and empathy, seeking to understand the perspectives and emotions of those around you. Offer support and encouragement to those in need, lending a helping hand or a sympathetic ear whenever possible. Remember that strong, meaningful connections with others are essential for emotional well-being and fulfillment."
positive,"Cultivate a sense of purpose and meaning in your life by aligning your actions with your values and passions. Take time to explore your interests and talents, pursuing activities that resonate with your authentic self. Find ways to contribute to causes or communities that are important to you, whether through volunteering, activism, or acts of kindness. By living in alignment with your values and making a positive impact on the world around you, you can experience a deep sense of fulfillment and purpose."
positive,"Embrace vulnerability as a pathway to growth and connection. Allow yourself to be open and authentic with others, sharing your fears, insecurities, and aspirations openly and without judgment. Recognize that vulnerability is not a sign of weakness but rather a sign of courage and strength. By embracing vulnerability, you can deepen your relationships and cultivate a greater sense of intimacy and trust with those around you."
positive,"Practice mindfulness and presence by bringing your attention to the present moment. Take time each day to engage in activities that promote relaxation and inner peace, such as meditation, deep breathing exercises, or spending time in nature. Allow yourself to let go of worries about the past or future, focusing instead on the sensations and experiences of the here and now. By cultivating mindfulness, you can reduce stress and anxiety, improve your mood, and enhance your overall well-being."
positive,"Cultivate an attitude of gratitude by reflecting on the blessings in your life and expressing appreciation for them regularly. Keep a gratitude journal where you can write down three things you're thankful for each day, whether it's the support of loved ones, a beautiful sunset, or a moment of joy. By practicing gratitude, you can shift your focus from what's lacking to what's abundant in your life, fostering a greater sense of happiness and contentment."
positive,"Prioritize self-care and well-being by making time for activities that nourish your body, mind, and spirit. Set aside time each day for rest and relaxation, engaging in activities that help you unwind and recharge, such as reading, taking a bath, or practicing yoga. Listen to your body's signals and give yourself permission to rest when you need it. By prioritizing self-care, you can replenish your energy reserves and better cope with the demands of daily life."
positive,"Create a supportive and nurturing environment for yourself by surrounding yourself with positive influences and minimizing exposure to negativity. Spend time with people who uplift and inspire you, and limit interactions with those who drain your energy or bring you down. Take inventory of your surroundings and eliminate clutter or distractions that contribute to stress or overwhelm. By curating a space that supports your well-being, you can foster a sense of calm and tranquility in your everyday life."
positive,"Practice resilience by viewing challenges and setbacks as opportunities for growth and learning. Instead of allowing adversity to discourage or defeat you, use it as a catalyst for personal development and transformation. Cultivate a mindset of resilience by reframing setbacks as temporary obstacles on the path to success, and by focusing on solutions rather than dwelling on problems. By embracing resilience, you can navigate life's ups and downs with grace and resilience, emerging stronger and more resilient than ever before."
positive,"Embrace self-compassion and kindness towards yourself, especially during times of difficulty or struggle. Treat yourself with the same level of care and understanding that you would offer to a friend in need, offering words of encouragement and support rather than criticism or self-judgment. Practice self-compassion by acknowledging your humanity and imperfections, and by recognizing that you are deserving of love and acceptance just as you are. By cultivating self-compassion, you can build resilience and inner strength, enabling you to navigate life's challenges with greater ease and grace."
positive,"Invest in your personal growth and development by committing to lifelong learning and self-improvement. Set aside time each day for activities that stimulate your mind and expand your horizons, whether it's reading a book, taking a class, or learning a new skill. Stay curious and open-minded, seeking out new experiences and perspectives that challenge your assumptions and broaden your understanding of the world. By embracing a growth mindset and prioritizing personal growth, you can unlock your full potential and lead a more fulfilling and meaningful life."
negative,Take a moment to breathe deeply and focus on the present moment.
negative,Reach out to a trusted friend or family member and talk about how you're feeling.
negative,"Consider seeking professional help from a therapist or counselor if you're struggling to cope.Acknowledge your feelings of sadness and allow yourself to experience them fully. It's okay to feel down sometimes, and denying your emotions will only prolong your suffering. Reach out to trusted friends or family members for support, and consider speaking with a therapist or counselor if you're struggling to cope. Remember that seeking help is a sign of strength, not weakness, and you deserve to receive the support you need."
negative,"Recognize the signs of anxiety and take proactive steps to manage your symptoms. Practice relaxation techniques such as deep breathing or progressive muscle relaxation to help calm your mind and body. Avoid caffeine and alcohol, which can exacerbate anxiety symptoms, and prioritize activities that promote relaxation and well-being. Consider seeking professional help if your anxiety is interfering with your daily life or causing significant distress."
negative,"Acceptance is key to coping with feelings of anger and frustration. Instead of suppressing or denying your emotions, allow yourself to acknowledge and express them in healthy ways. Find constructive outlets for your anger, such as exercise, journaling, or talking to a trusted friend or family member. Practice relaxation techniques to help calm your body's physiological response to anger, such as deep breathing or mindfulness meditation."
negative,"Dealing with feelings of loneliness can be challenging, but it's important to remember that you're not alone. Reach out to friends or family members for support, and consider joining social groups or clubs where you can connect with like-minded individuals. Engage in activities that bring you joy and fulfillment, and prioritize self-care to nurture your mental and emotional well-being."
negative,"It's natural to feel overwhelmed at times, but there are steps you can take to manage your stress and regain a sense of balance. Practice relaxation techniques such as deep breathing or meditation to help calm your mind and body. Break tasks down into smaller, more manageable steps, and prioritize self-care activities that promote relaxation and well-being."
negative,"Dealing with feelings of grief and loss can be incredibly challenging, but it's important to allow yourself to grieve in your own way and at your own pace. Reach out to friends or family members for support, and consider joining a support group where you can connect with others who are experiencing similar emotions. Take care of yourself by prioritizing self-care activities that nurture your mental and emotional well-being."
negative,"Coping with feelings of guilt can be difficult, but it's important to remember that everyone makes mistakes and it's okay to forgive yourself. Acknowledge your feelings of guilt and explore where they're coming from, but try not to dwell on them excessively. Practice self-compassion and kindness towards yourself, and focus on learning and growing from your experiences rather than ruminating on past mistakes."
negative,"Dealing with feelings of low self-esteem can be challenging, but it's important to remember that your worth isn't defined by external factors or other people's opinions. Practice self-compassion and kindness towards yourself, and challenge negative self-talk with positive affirmations and reminders of your strengths and accomplishments. Focus on your inner qualities and values, and cultivate a sense of self-worth that comes from within."
negative,"Managing feelings of hopelessness can be incredibly difficult, but it's important to remember that there is always hope, even in the darkest of times. Reach out to trusted friends or family members for support, and consider speaking with a therapist or counselor who can help you navigate your feelings and develop coping strategies. Remember that you are not alone, and that help and support are available."
negative,"Dealing with feelings of worthlessness can be incredibly challenging, but it's important to remember that your value isn't determined by external factors or other people's opinions. Practice self-compassion and kindness towards yourself, and challenge negative self-talk with positive affirmations and reminders of your inherent worth. Focus on your inner qualities and strengths, and cultivate a sense of self-worth that comes from within."
negative,"Coping with feelings of despair can be incredibly difficult, but it's important to remember that you are not alone and that help and support are available. Reach out to trusted friends or family members for support, and consider speaking with a therapist or counselor who can help you navigate your feelings and develop coping strategies. Remember that there is always hope, even in the darkest of times."
negative,"Dealing with feelings of sadness and depression can be incredibly challenging, but it's important to remember that you are not alone and that help and support are available. Reach out to trusted friends or family members for support, and consider speaking with a therapist or counselor who can help you navigate your feelings and develop coping strategies. Remember that there is always hope, and that brighter days are ahead."
negative,"Managing feelings of anxiety can be incredibly challenging, but it's important to remember that you are not alone and that help and support are available. Reach out to trusted friends or family members for support, and consider speaking with a therapist or counselor who can help you navigate your feelings and develop coping strategies. Remember that there are effective treatments available for anxiety, and that you deserve to receive the support you need."
negative,"Dealing with feelings of anger and frustration can be incredibly challenging, but it's important to remember that you are not alone and that help and support are available. Reach out to trusted friends or family members for support, and consider speaking with a therapist or counselor who can help you navigate your feelings and develop coping strategies. Remember that there are healthy ways to express and manage your anger, and that you deserve to feel heard and understood."
neutral,Remember that it's okay to take things one step at a time.
neutral,"Find healthy ways to manage stress, such as going for a walk or practicing mindfulness."
neutral,Take breaks when needed and avoid putting too much pressure on yourself.
neutral,"Remember that everyone's journey toward mental wellness is unique, so don't compare your progress to others."
neutral,"Setting realistic goals can help you maintain a sense of direction and accomplishment, even during challenging times."
neutral,"Seeking support from trusted friends, family members, or mental health professionals can provide valuable perspectives and encouragement."
neutral,"Practice mindfulness techniques, such as deep breathing or meditation, to help ground yourself and manage stress."
neutral,"Journaling can be a helpful tool for processing emotions, organizing thoughts, and tracking patterns in your mental health."
neutral,It's okay to ask for help when you need it. Reach out to someone you trust or a mental health hotline for support.
neutral,"Engaging in regular physical activity can boost your mood, reduce anxiety, and improve overall well-being."
neutral,Limiting exposure to negative news or social media content can help protect your mental health and maintain a sense of balance.
neutral,"Experiment with different coping strategies, such as listening to music, spending time in nature, or practicing creative activities, to discover what works best for you."
neutral,"Remember to practice self-compassion and treat yourself with kindness, especially during difficult moments."
neutral,"Developing a routine can provide structure and stability, which can be particularly helpful during times of uncertainty or stress."
neutral,Educate yourself about mental health conditions and treatment options to make informed decisions about your well-being.
neutral,Connecting with others who share similar experiences can provide a sense of belonging and reduce feelings of isolation.
neutral,"Prioritize healthy sleep habits, such as maintaining a consistent sleep schedule and creating a relaxing bedtime routine."
neutral,Be mindful of your internal dialogue and challenge negative self-talk by replacing it with more balanced and realistic thoughts.
neutral,"Practice gratitude by reflecting on things you're thankful for each day, even during challenging times."
neutral,"Find creative outlets for self-expression, such as writing, drawing, or playing music, to channel emotions and foster self-discovery."
neutral,Take breaks when needed and give yourself permission to step away from stressful situations to recharge
neutral,Remember that setbacks are a natural part of the recovery process. Approach them with resilience and learn from each experience.
neutral,Practice boundary-setting to protect your emotional well-being and communicate your needs effectively.
neutral,"Engage in activities that promote relaxation and stress reduction, such as taking a warm bath, practicing yoga, or enjoying a hobby."
neutral,Consider seeking professional help if you're experiencing persistent or overwhelming symptoms of mental distress.
neutral,"Take small steps toward your goals, and celebrate your progress along the way, no matter how incremental."
neutral,Challenge yourself to explore new perspectives and approaches to problem-solving to enhance your resilience
neutral,Stay connected with supportive communities or online forums where you can share experiences and receive encouragement.
neutral,"Practice active listening and empathy when supporting others, and remember to extend the same kindness to yourself."
neutral,Set realistic expectations for yourself and acknowledge that it's okay to ask for help or adjust your goals as needed.
neutral,"Engage in activities that promote mindfulness and present-moment awareness, such as practicing gratitude or mindful eating."
neutral,"Prioritize activities that promote a sense of fulfillment and purpose in your life, whether it's volunteering, pursuing hobbies, or spending time with loved ones."
neutral,"Practice self-reflection to better understand your emotions, triggers, and patterns of behavior."
neutral,"Explore different relaxation techniques, such as progressive muscle relaxation or visualization exercises, to find what works best for you."
neutral,"Engage in activities that promote a sense of accomplishment and mastery, such as learning a new skill or completing a project."
neutral,"Prioritize activities that nourish your mind, body, and spirit, such as spending time in nature, cooking a healthy meal, or practicing meditation."
neutral,Remember that it's okay to set boundaries with others and assert your needs in relationships.
neutral,"Find ways to incorporate moments of joy and laughter into your daily life, as humor can be a powerful tool for coping with stress."
neutral,"""Practice self-care in all aspects of your life, including nutrition, exercise, sleep, and social connection."
neutral,Stay connected with supportive friends and family members who can offer encouragement and validation.
neutral,"Explore different coping strategies for managing difficult emotions, such as journaling, art therapy, or listening to music."
neutral,"Celebrate your progress, no matter how small, and acknowledge the resilience and strength you've demonstrated in overcoming challenges."
neutral,"Find ways to incorporate mindfulness into your daily routine, such as taking mindful walks or practicing mindful eating."
neutral,Seek out supportive communities or online forums where you can connect with others who may be going through similar experiences.
neutral,"Explore different forms of creative expression, such as writing, painting, or dancing, as a way to process emotions and express yourself."
neutral,"Practice gratitude by reflecting on the things in your life that you're thankful for, even during difficult times."
neutral,"Engage in activities that promote relaxation and stress reduction, such as deep breathing exercises or progressive muscle relaxation."
neutral,Learn to identify and challenge negative thought patterns by examining the evidence and considering alternative perspectives.
neutral,Set realistic expectations for yourself and recognize that it's okay to ask for help or take breaks when needed.
neutral,"Explore different ways to practice self-compassion and kindness toward yourself, especially during times of struggle"
neutral,"Stay connected with loved ones and reach out for support when you need it. Remember, you don't have to go through difficult times alone."
neutral,"Remember that healing is a journey, and progress may not always be linear. Be patient with yourself and celebrate the small victories along the way."
neutral,"Practice mindfulness by bringing your attention to the present moment without judgment, allowing yourself to fully experience thoughts and emotions as they arise."
neutral,Explore relaxation techniques such as guided imagery or progressive muscle relaxation to help alleviate stress and promote a sense of calm.
neutral,"Engage in activities that promote self-discovery and personal growth, such as journaling, exploring new hobbies, or taking online courses."
neutral,"Create a support network of trusted individuals who you can turn to for encouragement, validation, and guidance."
neutral,"Set aside time each day for activities that bring you joy and fulfillment, whether it's spending time with loved ones, pursuing hobbies, or simply enjoying nature."
neutral,"Practice assertiveness skills to effectively communicate your needs and boundaries in relationships, while also respecting the needs of others."
neutral,Seek out professional help if you're struggling to cope with overwhelming emotions or if you're experiencing symptoms of mental health conditions.
neutral,Challenge perfectionistic tendencies by setting realistic expectations for yourself and acknowledging that mistakes are a natural part of growth.
neutral,"Explore different relaxation techniques such as aromatherapy, listening to calming music, or practicing gentle yoga to help reduce anxiety and promote relaxation."
neutral,Remember that self-care is not selfish; it's essential for maintaining your overall well-being and resilience in the face of life's challenges.
positive,You are capable of overcoming any challenge that comes your way. Believe in yourself and your ability to persevere.
positive,"Every step you take toward self-care and self-improvement is a victory worth celebrating. Be proud of your progress, no matter how small."
positive,You have the strength and resilience to navigate life's ups and downs. Trust in your inner resources and remember that you are not alone.
positive,Embrace each day as an opportunity for growth and self-discovery. There is endless potential within you waiting to be unleashed.
positive,You deserve to prioritize your mental health and well-being. Make self-care a non-negotiable part of your daily routine.
positive,"Celebrate your uniqueness and embrace all aspects of yourself, including your strengths, vulnerabilities, and imperfections."
positive,"Every setback is a chance to learn, grow, and become even stronger than before. Approach challenges with optimism and determination."
positive,Surround yourself with positivity and uplifting influences that nourish your soul and inspire you to be the best version of yourself.
positive,Choose to focus on the present moment and find joy in the simple pleasures of life. Cultivate an attitude of gratitude for all that you have.
positive,"Believe in the power of hope and optimism to light the way forward, even in the darkest of times. Keep shining your light for yourself and others."
positive,"You have the ability to create a life filled with meaning, purpose, and fulfillment. Trust in your vision and take steps toward manifesting your dreams."
positive,Every challenge you overcome strengthens your resilience and builds your inner fortitude. Keep moving forward with courage and determination.
positive,Nurture your inner spark of creativity and let it guide you toward new possibilities and opportunities for self-expression.
positive,Your journey toward self-discovery is a beautiful unfolding process. Embrace the highs and lows as essential parts of your growth.
positive,"You are worthy of love, acceptance, and compassion exactly as you are. Treat yourself with kindness and gentleness."
positive,"Celebrate your progress, no matter how small, as it signifies your commitment to personal growth and transformation."
positive,Your mind is a powerful tool. Cultivate positive thoughts and beliefs to create a reality that aligns with your deepest desires.
positive,Connect with your inner wisdom and intuition to guide you toward decisions that honor your true self and values.
positive,Surround yourself with people who uplift and support you on your journey. Cultivate relationships that nourish your soul and inspire you to thrive.
positive,"Each day is a new opportunity to cultivate gratitude, spread kindness, and make a positive impact on the world around you. Seize it with joy and enthusiasm."
positive,"Your experiences, challenges, and triumphs are all valuable parts of your unique story. Embrace them with pride and resilience."
positive,You possess an incredible capacity for resilience and adaptation. Trust in your ability to navigate life's twists and turns with grace and strength.
positive,Believe in the power of self-love and self-acceptance to transform your relationship with yourself and others. Treat yourself with the kindness and compassion you deserve.
positive,Your journey toward healing and growth is a testament to your courage and determination. Honor your progress and celebrate your victories along the way.
positive,You have the innate wisdom and intuition to make choices that align with your highest good. Listen to your inner voice and trust in your instincts.
positive,"Every setback is an opportunity for growth and learning. Approach challenges with resilience and curiosity, knowing that they hold valuable lessons for your journey."
positive,Surround yourself with positivity and inspiration to fuel your passion and creativity. Seek out experiences and relationships that uplift and empower you.
positive,"You are a beacon of light and possibility in the world. Embrace your unique gifts and talents, and share them generously with others."
positive,"Every moment is an opportunity to cultivate joy, gratitude, and mindfulness. Find beauty in the present moment and savor the richness of life."
positive,"Your potential is limitless, and your dreams are within reach. Believe in yourself and pursue your goals with unwavering determination and optimism."
positive,"You are a resilient survivor, capable of transforming adversity into strength and growth. Your journey is a testament to your inner courage and determination."
positive,Embrace the power of self-compassion and forgiveness to heal old wounds and nurture your inner peace. Treat yourself with the same kindness and understanding you would offer to a dear friend.
positive,Your unique perspective and life experiences enrich the world around you. Embrace your authenticity and shine your light brightly for all to see.
positive,Trust in the divine timing of your journey and have faith that everything is unfolding exactly as it should. Each step forward brings you closer to your highest potential.
positive,"Practice the art of letting go and surrendering control to the flow of life. Release the need to force outcomes and instead, trust in the wisdom of the universe to guide you toward your highest good"
positive,"You are worthy of abundance, love, and joy in all areas of your life. Open your heart to receive the blessings that await you, and know that you are deserving of every good thing that comes your way."
positive,"Your past does not define you, and your future is full of infinite possibilities. Focus on the present moment and the power you have to create the life of your dreams right now."
positive,"Every challenge you face is an opportunity for growth and expansion. Embrace the lessons that life presents to you, knowing that they are leading you toward greater wisdom and understanding."
positive,You have the strength and resilience to overcome any obstacle that stands in your way. Trust in your inner power and know that you are capable of achieving your goals and dreams.
positive,"Your journey toward self-discovery is a beautiful and sacred process. Honor yourself and your path, knowing that you are exactly where you need to be in this moment."
positive,You possess an inner strength and resilience that is unparalleled. Trust in your ability to overcome obstacles and emerge stronger than before.
positive,"Your worth is inherent and unconditional. You deserve love, happiness, and fulfillment simply by being who you are."
positive,Embrace the journey of self-discovery and growth with an open heart and curious mind. Every step forward brings you closer to realizing your fullest potential.
positive,"The universe is conspiring in your favor, guiding you toward experiences and opportunities that align with your deepest desires. Trust in the process and follow the signs."
positive,You are a magnet for positivity and abundance. Embrace an attitude of gratitude and watch as blessings flow effortlessly into your life.
positive,"Your inner light shines brightly, illuminating the path ahead. Trust in your intuition and let it guide you toward the fulfillment of your dreams."
positive,You are worthy of all the love and happiness that life has to offer. Open your heart to receive the abundance that surrounds you.
positive,"Each moment is a fresh beginning, filled with infinite possibilities. Seize the opportunity to create the life you've always dreamed of."
positive,Your journey toward self-love and acceptance is a sacred one. Treat yourself with the same kindness and compassion you would offer to a cherished friend.
positive,"You are a masterpiece in progress, continuously evolving and growing into the highest expression of yourself. Embrace your journey with gratitude and joy."
positive,Your resilience knows no bounds. Every setback you face is an opportunity for you to rise stronger than before.
positive,"The universe is full of endless possibilities, and you have the power to create the reality you desire. Trust in your ability to manifest your dreams into existence."
positive,"Your presence in this world is a gift, and you have the power to make a positive impact on those around you. Embrace your unique talents and share them with the world"
positive,"Every challenge you overcome is a testament to your inner strength and determination. Keep pushing forward, knowing that you are capable of achieving greatness."
positive,"You are surrounded by love and support, both from within yourself and from the people who care about you. Lean into this support system whenever you need a reminder of your strength."
positive,"Your journey toward healing and growth is a beautiful one, filled with opportunities for self-discovery and transformation. Embrace the process and trust in your ability to evolve"
positive,"Your dreams are within reach, and you have everything you need to turn them into reality. Believe in yourself and take bold steps toward making your dreams come true"
positive,"Your worth is not determined by external achievements or validation from others. You are inherently valuable, simply by virtue of being yourself."
positive,"Your past does not define you, and your future is full of limitless potential. Focus on the present moment and the endless opportunities it holds for growth and expansion."
positive,You are a beacon of light in a world that can sometimes feel dark. Embrace your inner radiance and let it shine brightly for all to see.
negative,"I'm sorry to hear that you're feeling this way. Remember, your worth isn't determined by your feelings or circumstances. Let's explore some ways to shift your perspective and recognize your inherent value."
negative,"It sounds like you're going through a tough time right now. It's okay to ask for help when you're feeling overwhelmed. Let's break things down into smaller, manageable steps together."
negative,"Feeling overwhelmed by worry is tough, but you're not alone. Let's work on some coping strategies together, like deep breathing exercises or mindfulness techniques, to help you manage your anxiety."
negative,"Feeling like a burden can be incredibly tough, but your loved ones care about you and want to support you. Let's talk about ways to communicate your feelings with them."
negative,"It sounds like you're feeling hopeless right now, but there is hope. Let's explore some reasons to hold onto hope and work together to find meaning and purpose in your life."
negative,"Struggling with your mental health can be exhausting, but there is help and support available. Let's discuss some resources and strategies that can make this journey easier for you."
negative,"It's understandable to feel discouraged, but recovery is possible. Let's explore some options together and create a plan for moving forward."
negative,"I'm sorry to hear you're feeling this way. Remember, it's okay to not be okay sometimes. Let's explore ways to navigate through these challenging emotions together"
negative,"Feeling overwhelmed can be incredibly difficult, but you're stronger than you realize. Let's work together to identify some coping strategies that can help lighten the load."
negative,"It's understandable to feel worried about everything, but know that you have the strength within you to manage your anxiety. Let's explore some techniques to help calm your mind."
negative,"Feeling like a burden is tough, but please know that you're valued and appreciated. Let's brainstorm ways to improve your self-esteem and strengthen your support system."
negative,"Feeling hopeless is a heavy burden to carry, but there are glimmers of hope even in the darkest moments. Let's focus on finding those rays of light together."
negative,"Struggling with mental health can feel like an uphill battle, but you're not alone on this journey. Let's explore resources and strategies to help you regain your strength and resilience."
negative,"I understand feeling tired of the constant struggle, but remember that every small step forward is a victory worth celebrating. Let's find ways to make this journey more manageable together."
negative,"It's natural to feel like you'll never get better, but recovery is a process with ups and downs. Let's focus on the progress you've already made and explore avenues for further growth."
negative,"I'm here to support you through these tough moments. Remember, your feelings are valid, and it's okay to reach out for help when you need it."
negative,"Feeling overwhelmed can be paralyzing, but together, we can break down these challenges into smaller, more manageable steps. Let's take it one step at a time."
negative,Worrying about everything can be exhausting. Let's explore techniques like grounding exercises or distraction techniques to help ease your mind.
negative,"Feeling like a burden is a heavy weight to carry, but it's important to remember that you matter. Let's work on building your self-esteem and finding ways to feel more connected."
negative,"Even in the darkest moments, there is still hope. Let's focus on finding moments of positivity and resilience to guide us through."
negative,"Struggling with mental health is not easy, but you've already taken a brave step by reaching out for support. Let's explore different approaches to find what works best for you."
negative,It's completely understandable to feel exhausted from the constant struggle. Let's find ways to prioritize self-care and recharge your energy.
negative,"It's okay to feel discouraged, but please know that progress takes time. Let's focus on finding small victories to celebrate along the way."
negative,"Remember, you've already shown incredible strength by facing your challenges head-on. Together, we can continue to move forward with resilience and determination."
negative,You're not alone in this journey. Let's work together to explore new strategies and resources that can help you regain a sense of control and well-being.
negative,It's okay to feel overwhelmed sometimes. Let's explore strategies together to help you manage these feelings and regain a sense of balance.
negative,Feeling worried about everything can be exhausting. Let's work on identifying the root causes of your worries and develop practical ways to address them.
negative,"Feeling like a burden is tough, but please remember that your loved ones care about you and want to support you. Let's brainstorm ways to communicate your feelings with them."
negative,"Even in your darkest moments, there is still hope. Let's focus on nurturing that spark of hope and finding ways to cultivate positivity in your life."
negative,"Struggling with mental health challenges is not easy, but you've already shown incredible resilience by seeking support. Let's explore ways to build on that resilience and work towards your well-being"
negative,Feeling exhausted from the constant struggle is understandable. Let's prioritize self-care and explore activities that help you recharge and find moments of peace.
negative,"It's normal to feel discouraged at times, but please know that setbacks are a natural part of the journey. Let's focus on finding ways to bounce back stronger than before."
negative,"Remember, progress is not always linear, and it's okay to take things one step at a time. Let's celebrate the small victories along the way."
negative,You are not defined by your struggles. Let's focus on your strengths and the positive steps you've taken towards your well-being
negative,You're not alone in this journey. Let's work together to explore new strategies and resources that can support you on your path to healing.
negative,"It's completely natural to feel overwhelmed by life's challenges. Together, we can explore strategies to help you regain a sense of control and balance."
negative,Feeling worried about everything can be exhausting. Let's work on developing coping mechanisms to manage your worries and bring you peace of mind.
negative,"Feeling like a burden is tough, but it's important to remember that your worth is not defined by how you feel. Let's explore ways to build your self-esteem and sense of self-worth"
negative,"Even in your darkest moments, there are rays of hope. Let's focus on nurturing those moments of light and finding sources of positivity in your life"
negative,"Struggling with mental health challenges is a journey, and it's okay to feel tired sometimes. Let's work together to find ways to replenish your energy and motivation."
negative,"It's understandable to feel discouraged, but please know that setbacks are temporary. Let's focus on finding resilience and strength to overcome obstacles."
negative,"Remember, progress is not always linear, and it's okay to take breaks along the way. Let's explore self-care practices that can help you recharge and refocus."
negative,You are capable of overcoming any obstacle that comes your way. Let's focus on your strengths and the positive steps you've taken towards your well-being.
negative,You're not alone in this journey. Let's work together to build a support network and explore resources that can help you navigate through tough times.
negative,"Your feelings are valid, and it's okay to ask for help when you need it. Let's explore ways to reach out and connect with supportive individuals and resources."
negative,"It's okay to feel overwhelmed, but remember that you have the strength within you to overcome these challenges. Let's work together to identify strategies that can help you cope."
negative,"Feeling worried about everything can be exhausting, but there are techniques we can explore to help calm your mind and ease your anxiety. Let's take a deep breath together and focus on the present moment."
negative,"Feeling like a burden is a heavy weight to carry, but please know that you are not alone. Let's discuss ways to strengthen your support system and lean on those who care about you."
